Metric,Value
Inertia,601.4585530916521
Silhouette Score,0.427823354323253
